﻿{"cameraMode":{"drawMode":0,"name":"Shaded","section":"Shading Mode"},"sceneLighting":true,"audioPlay":false,"sceneViewState":{"showFog":true,"showMaterialUpdate":false,"showSkybox":true,"showFlares":true,"showImageEffects":true,"showParticleSystems":true},"in2DMode":false,"pivot":{"x":-2.3527333736419679,"y":-0.5641161799430847,"z":-0.899311900138855},"rotation":{"x":0.22032330930233003,"y":-0.28477850556373598,"z":0.06743036955595017,"w":0.930490255355835},"size":24.246702194213868,"orthographic":true}